{"cameraMode":{"drawMode":0,"name":"Shaded","section":"Shading Mode"},"sceneLighting":false,"audioPlay":false,"sceneViewState":{"showFog":true,"showMaterialUpdate":false,"showSkybox":false,"showFlares":true,"showImageEffects":true,"showParticleSystems":true},"in2DMode":false,"pivot":{"x":-22.768999099731447,"y":3.3589999675750734,"z":-18.167999267578126},"rotation":{"x":0.06045672297477722,"y":0.56634122133255,"z":-0.041686300188302997,"w":0.8209242224693298},"size":1.3732054233551026,"orthographic":false}